<?xml version="1.0" encoding="UTF-8"?>
<project-private xmlns="http://www.netbeans.org/ns/project-private/1">
    <editor-bookmarks xmlns="http://www.netbeans.org/ns/editor-bookmarks/2" lastBookmarkId="0"/>
    <open-files xmlns="http://www.netbeans.org/ns/projectui-open-files/2">
        <group>
            <file>file:/Users/walfredarreola/NetBeansProjects/BlackJack/src/blackjack/Cliente.java</file>
            <file>file:/Users/walfredarreola/NetBeansProjects/BlackJack/src/blackjack/Canvas.java</file>
            <file>file:/Users/walfredarreola/NetBeansProjects/BlackJack/src/blackjack/Interfaz.java</file>
            <file>file:/Users/walfredarreola/NetBeansProjects/BlackJack/src/blackjack/Servidor.java</file>
            <file>file:/Users/walfredarreola/NetBeansProjects/BlackJack/src/blackjack/Carta.java</file>
            <file>file:/Users/walfredarreola/NetBeansProjects/BlackJack/src/blackjack/CicloJuega.java</file>
        </group>
    </open-files>
</project-private>
